"rs","alleles","chrom","pos","strand","assembly","center","protLSID","assayLSID","panelLSID","QCcode","AG_ICON","UNCHARTED","SMOKY_HILL","ORO_BLANCO","STURDY_2K","GUYMON","SY_LCS_FLINT","ASPEN","BIG_COUNTRY","ROBIDOUX","FORTIFY_SF","DANBY","HALT","CHISHOLM","CJ","TREGO","SY_ACHIEVE_CL2","SNOWMASS_2","HAWKEN","CRESCENT_AX","KIVARI_AX","BEARPAW","CP7909","OK_RISING","RONL","PROWERS_99","BREAKTHROUGH","HATCHER","KARL_92","STRAD_CL+","KS_WESTERN_STAR","JACKPOT","INTRADA","OK_CORRAL","AM_EASTWOOD","LARRY","ABOVE","WINTERHAWK","MACE","BYRD","ARMOUR","INFINITY_CL","ROCK_STAR","AP502_CL","WB-REDHAWK","AVALANCHE","WHISTLER","WESLEY","2137","MS_MAVERICK","CO02W237","PARADISE","FANNIN","OVERLEY","SNOWMASS","2145","STARDUST","VALLEY","TAM_401","2163","AMPLIFY_SF","MONARCH","CO050233-2","AG_ROBUST","ANTERO","SY_MONUMENT","2174","LONG_BRANCH","CLARA_CL","BILL_BROWN","LAKIN","KS_DALLAS","CP7050AX","CUSTER","PRAIRIE_RED","SY_SOUTHWIND","RIPPER","BETTY","DOMINATOR","SY_GOLD","WB4721","TATANKA","WB4515","CP7869","DENALI","CO970547","STANTON","GALLAGHER","CP7017AX","YUMA","T154","BENTLEY","SPUR","T153","HEYNE","LCS_ATOMIC_AX","LCS_VALIANT","YUMAR","AP_BIGFOOT","LCS_JULEP","NUGRAIN","CUTTER","KS_AHEARN","OGALLALA","KS_HAMILTON","WB4418","WB-STOUT","SY_LEGEND_CL2","THUNDERBOLT","AG_GALLANT","T158","BOND_CL","GOODSTREAK","INCLINE_AX","WAHOO","WB4401","T163","CENTERFIELD","DUSTER","SKYDANCE","ENDURANCE","TAM_114","TAM_112","TAM_111","TAM_110","SETTLER_CL","WB4792","WB-GRAINFIELD","SY_WOLVERINE","MILLENNIUM","SCOUT_66","SY_BENEFIT","OK_BULLET","DELIVER","WB4303","AP_ROADRUNNER","ART","RUBY_LEE","KANMARK","AP_EVERROCK","IBA","T81","SY_SUNRISE","VENANGO","GARRISON","WB4699","SANTA_FE","WB4458","TAM_107","ALLIANCE","SY_GRIT","LOCKETT","LCS_WIZARD","OVERLAND","LCS_PISTOL","DOUBLESTOP_CL+","HARRY","WB4595","PROTECTION","TAM_204","TAM_203","JAGALENE","KS_SILVERADO","LCS_REVERE","COWBOY","WB4462","DOANS","BOB_DOLE","CO05W111","JAGGER","HOT_ROD","COSSACK","BRECK","BYRD_CL_PLUS","SUNSHINE","ONAGA","GUARDIAN","HIGH_COUNTRY","TAM_304","GREER","AM_CARTWRIGHT","TAM_302","OK101","OK102","BILLINGS","AKRON","THUNDER_CL","LANGIN","SPIRIT_RIDER","HITCH","PETE","NUHORIZON","SMITHS_GOLD","STEAMBOAT","LCS_MINT","BRAWL_CL_PLUS","KEOTA","CO16SF032","WB-CEDAR","1863","FULLER","WB4269","EVEREST","AVERY","MCGILL","ZENDA","SHOCKER","CANVAS","TOMAHAWK","IKE","SHOWDOWN","OAKLEY_CL","SY_WOLF","CAMELOT","LCS_PHOTON_AX","LONERIDER","OKFIELD","NUFRONTIER","NUHILLS","CO16SF067","ANKOR","AG_RADICAL","NUDAKOTA","SY_RUGGED","JOE","NUPLAINS","CORONADO","LCS_CHROME","GREEN_HAMMER","RUTH","LCS_HELIX_AX","POSTROCK","BAKERS_ANN","ENHANCER"
"S1A_14289872","C/T","1A","14289872","+",NA,NA,NA,NA,NA,NA,"C","C","C","C","C","C","C","C","C","C","C","C","C","C","C","C","C","T","C","C","C","Y","C","C","C","C","C","C","T","T","C","C","C","C","C","T","C","T","C","C","N","C","T","C","T","C","T","T","C","C","C","C","C","C","T","C","C","C","C","C","C","C","C","C","C","C","T","C","C","C","C","C","C","C","C","C","T","T","C","C","C","C","C","T","C","C","C","C","C","C","T","C","T","C","C","C","C","C","T","C","C","C","C","C","C","C","T","C","C","T","T","C","C","C","C","C","C","C","C","C","C","C","C","C","C","C","C","C","T","C","C","C","C","C","C","Y","C","C","C","C","T","T","C","T","T","C","C","C","C","C","C","C","C","C","T","T","C","T","C","T","C","C","C","T","C","T","C","C","C","C","C","C","C","C","C","Y","C","T","C","C","C","C","C","C","C","C","C","C","T","C","C","C","C","C","C","C","C","C","C","C","T","C","C","C","C","C","C","C","C","C","C","C","T","C","C","T","C","C","C","C","C","C","C","C","T","C","C","C","T","C","C","C","T","C"
"S1A_27594591","A/G","1A","27594591","+",NA,NA,NA,NA,NA,NA,"A","G","G","A","G","G","A","N","A","A","A","A","A","A","A","A","G","A","A","A","A","G","A","G","A","G","G","A","A","A","A","G","A","A","G","A","N","A","A","A","N","G","A","N","A","A","A","A","A","A","A","G","N","G","A","A","G","A","G","A","A","A","A","N","G","A","A","N","A","A","A","A","A","A","N","A","A","A","A","A","A","A","G","A","A","A","A","A","N","A","A","G","A","A","A","A","A","A","G","A","G","G","A","A","A","A","A","A","A","A","A","A","A","A","A","N","A","R","R","G","A","A","N","G","N","A","A","A","G","A","A","G","G","A","A","A","A","A","A","A","G","A","A","A","A","G","G","G","G","A","G","A","A","A","A","A","A","A","G","A","G","G","A","A","A","A","A","R","G","G","G","A","R","A","A","A","A","G","A","G","A","A","A","A","A","G","A","A","A","G","A","A","R","A","G","A","G","A","N","A","A","A","A","A","A","A","A","A","A","A","G","A","G","A","N","A","A","A","A","A","G","A","G","A","A","A","A","A","A","A","N","G","A","A"
"S1A_27594593","G/A","1A","27594593","+",NA,NA,NA,NA,NA,NA,"G","A","A","G","A","A","G","N","G","G","G","G","G","G","G","G","A","G","G","G","G","A","G","A","G","A","A","G","G","G","G","A","G","G","A","G","N","G","G","G","N","A","G","N","G","G","G","G","G","G","G","A","N","A","G","G","A","G","A","G","G","G","G","N","A","G","G","N","G","G","G","G","G","G","N","G","G","G","G","G","G","G","A","G","G","G","G","G","N","G","G","A","G","G","G","G","G","G","A","G","A","A","G","G","G","G","G","G","G","G","G","G","G","G","G","N","G","R","R","A","G","G","N","A","N","G","G","G","A","G","G","A","A","G","G","G","G","G","G","G","A","G","G","G","G","A","A","A","A","G","A","G","G","G","G","G","G","G","A","G","A","A","G","G","G","G","G","R","A","A","A","G","R","G","G","G","G","A","G","A","G","G","G","G","G","A","G","G","G","A","G","G","R","G","A","G","A","G","N","G","G","G","G","G","G","G","G","G","G","G","A","G","A","G","N","G","G","G","G","G","A","G","A","G","G","G","G","G","G","G","N","A","G","G"
"S1B_493165543","G/A","1B","493165543","+",NA,NA,NA,NA,NA,NA,"G","G","G","G","G","G","G","G","G","G","G","G","G","G","G","G","A","G","G","G","G","G","G","A","G","G","G","G","G","G","G","A","G","G","G","A","G","G","G","G","G","G","G","G","A","G","G","G","G","G","G","G","G","A","G","G","G","G","G","G","G","G","G","G","G","G","G","G","G","G","G","G","G","G","G","G","G","G","G","G","G","G","G","G","G","G","G","G","G","G","G","A","G","G","A","G","G","G","G","G","G","A","G","G","G","G","G","G","G","G","G","G","G","G","G","G","G","G","R","G","G","G","G","G","G","G","G","G","G","G","G","G","A","G","G","G","G","G","G","G","G","G","G","G","G","G","R","A","G","G","G","G","G","G","G","G","G","G","A","G","A","A","A","G","G","G","G","A","G","A","G","G","G","G","G","G","G","G","G","G","G","G","G","G","G","G","G","G","G","G","G","G","G","G","G","G","G","G","G","A","A","G","G","G","G","G","G","G","G","G","G","G","G","G","G","G","G","G","G","G","G","G","G","G","G","G","G","A","A","G","G","G","G","G"
"S1D_410695550","A/G","1D","410695550","+",NA,NA,NA,NA,NA,NA,"A","G","A","A","G","A","A","G","A","A","A","A","G","A","A","G","A","A","A","A","A","A","A","A","G","G","A","A","A","A","A","R","A","A","A","A","G","A","A","A","A","A","A","G","A","A","A","A","G","A","A","A","A","A","A","A","A","G","G","G","G","A","G","G","G","A","A","G","G","A","A","A","G","A","G","A","G","A","G","A","A","A","A","A","G","G","G","A","G","G","A","A","A","G","A","G","A","G","A","A","A","A","A","A","A","A","A","A","G","G","G","G","A","A","A","A","A","A","A","A","A","A","A","G","G","A","A","A","A","A","G","A","A","A","A","A","A","G","A","A","A","G","A","A","G","G","A","A","R","A","A","A","G","G","G","A","A","A","G","A","A","A","A","G","G","A","G","A","G","A","G","A","G","G","R","A","A","A","A","A","A","G","A","A","A","A","A","A","A","A","A","A","A","G","A","A","A","G","A","A","A","A","G","A","A","A","A","A","G","A","G","A","A","A","A","A","A","A","A","G","A","A","G","A","A","A","A","A","A","A","A","A","A","A"
"S2A_17606976","C/G","2A","17606976","+",NA,NA,NA,NA,NA,NA,"G","G","G","C","C","C","G","C","G","C","C","G","C","C","G","C","G","G","G","C","C","C","G","G","C","C","G","C","C","C","G","G","C","S","G","G","C","C","C","C","C","C","G","C","S","C","G","C","C","G","C","G","C","G","C","C","G","G","G","C","S","G","C","C","G","G","C","C","C","C","C","G","C","C","C","G","C","S","C","G","G","G","G","C","C","C","C","C","C","C","C","G","C","C","G","C","G","C","G","G","C","G","G","C","G","G","G","G","C","C","C","C","C","C","C","C","C","C","C","C","C","C","C","C","C","C","G","G","G","C","C","G","G","C","G","S","S","C","C","G","C","C","G","C","C","G","G","G","C","C","G","C","C","C","C","C","C","C","G","C","G","G","G","C","C","C","G","G","C","G","C","C","G","C","G","C","G","G","C","G","G","C","C","C","C","C","C","C","G","G","C","C","G","G","G","C","G","G","C","G","G","G","C","C","C","G","G","G","C","C","G","G","G","C","C","G","C","C","G","C","C","G","G","G","G","C","C","G","G","G","C","G","C","C"
"S2A_25070268","C/T","2A","25070268","+",NA,NA,NA,NA,NA,NA,"T","T","T","C","C","C","T","C","T","C","C","T","C","C","T","C","T","T","Y","C","C","C","T","T","C","C","T","C","C","C","T","T","C","T","T","T","C","C","C","C","C","C","T","C","T","C","T","C","C","T","C","T","C","T","C","C","T","T","T","C","T","T","C","C","T","T","C","C","C","C","C","T","C","C","C","T","C","C","C","T","T","T","T","C","C","C","C","C","C","C","C","T","C","C","T","C","T","C","T","T","C","T","T","C","T","T","T","T","C","C","C","C","C","C","C","C","C","C","C","C","C","C","C","C","C","C","T","T","T","C","C","T","T","C","T","T","T","C","C","T","C","C","T","C","C","T","T","T","C","C","T","C","C","C","C","C","C","C","T","C","T","T","T","C","C","C","T","T","C","T","C","C","T","C","T","C","T","T","C","T","T","C","C","C","C","C","C","C","T","T","C","C","T","T","T","C","T","T","C","T","T","T","C","C","C","T","T","T","C","C","T","T","T","C","C","T","C","C","T","C","C","T","T","T","T","C","C","T","T","T","C","T","C","C"
"S2A_25070272","G/A","2A","25070272","+",NA,NA,NA,NA,NA,NA,"A","A","A","G","G","G","A","G","A","G","G","A","G","G","A","G","A","A","R","G","G","G","A","A","G","G","A","G","G","G","A","A","G","A","A","A","G","G","G","G","G","G","A","G","A","G","A","G","G","A","G","A","G","A","G","G","A","A","A","G","A","A","G","G","A","A","G","G","G","G","G","A","G","G","G","A","G","G","G","A","A","A","A","G","G","G","G","G","G","G","G","A","G","G","A","G","A","G","A","A","G","A","A","G","A","A","A","A","G","G","G","G","G","G","G","G","G","G","G","G","G","G","G","G","G","G","A","A","A","G","G","A","A","G","A","A","A","G","G","A","G","G","A","G","G","A","A","A","G","G","A","G","G","G","G","G","G","G","A","G","A","A","A","G","G","G","A","A","G","A","G","G","A","G","A","G","A","A","G","A","A","G","G","G","G","G","G","G","A","A","G","G","A","A","A","G","A","A","G","A","A","A","G","G","G","A","A","A","G","G","A","A","A","G","G","A","G","G","A","G","G","A","A","A","A","G","G","A","A","A","G","A","G","G"
"S2A_25070274","C/G","2A","25070274","+",NA,NA,NA,NA,NA,NA,"G","G","G","C","C","C","G","C","G","C","C","G","C","C","G","C","G","G","S","C","C","C","G","G","C","C","G","C","C","C","G","G","C","G","G","G","C","C","C","C","C","C","G","C","G","C","G","C","C","G","C","G","C","G","C","C","G","G","G","C","G","G","C","C","G","G","C","C","C","C","C","G","C","C","C","G","C","C","C","G","G","G","G","C","C","C","C","C","C","C","C","G","C","C","G","C","G","C","G","G","C","G","G","C","G","G","G","G","C","C","C","C","C","C","C","C","C","C","C","C","C","C","C","C","C","C","G","G","G","C","C","G","G","C","G","G","G","C","C","G","C","C","G","C","C","G","G","G","C","C","G","C","C","C","C","C","C","C","G","C","G","G","G","C","C","C","G","G","C","G","C","C","G","C","G","C","G","G","C","G","G","C","C","C","C","C","C","C","G","G","C","C","G","G","G","C","G","G","C","G","G","G","C","C","C","G","G","G","C","C","G","G","G","C","C","G","C","C","G","C","C","G","G","G","G","C","C","G","G","G","C","G","C","C"
"S2A_25070283","G/T","2A","25070283","+",NA,NA,NA,NA,NA,NA,"T","T","T","G","G","G","T","G","T","G","G","T","G","G","T","G","T","T","K","G","G","G","T","T","G","G","T","G","G","G","T","T","G","T","T","T","G","G","G","G","G","G","T","G","T","G","T","G","G","T","G","T","G","T","G","G","T","T","T","G","T","T","G","G","T","T","G","G","G","G","G","T","G","G","G","T","G","G","G","T","T","T","T","G","G","G","G","G","G","G","G","T","G","G","T","G","T","G","T","T","G","T","T","G","T","T","T","T","G","G","G","G","G","G","G","G","G","G","G","G","G","G","G","G","G","G","T","T","T","G","G","T","T","G","T","T","T","G","G","T","G","G","T","G","G","T","T","T","G","G","T","G","G","G","G","G","G","G","T","G","T","T","T","G","G","G","T","T","G","T","G","G","T","G","T","G","T","T","G","T","T","G","G","G","G","G","G","G","T","T","G","G","T","T","T","G","T","T","G","T","T","T","G","G","G","T","T","T","G","G","T","T","T","G","G","T","G","G","T","G","G","T","T","T","T","G","G","T","T","T","G","T","G","G"
"S2B_13713678","C/T","2B","13713678","+",NA,NA,NA,NA,NA,NA,"C","C","T","T","T","C","T","C","C","C","C","C","C","C","C","C","C","C","T","C","C","T","C","C","C","T","C","Y","C","C","C","C","T","T","C","C","C","T","T","C","C","T","C","C","C","C","C","T","T","C","C","C","T","C","C","C","C","C","C","T","C","T","C","C","C","T","C","C","C","T","C","C","C","C","C","C","C","T","T","C","C","C","C","C","T","C","C","Y","C","T","C","C","C","C","T","C","C","T","C","T","C","T","C","C","T","C","C","Y","C","C","C","C","T","C","Y","C","C","C","T","Y","C","C","C","C","C","T","C","C","C","T","T","T","C","Y","C","T","C","C","C","C","T","Y","C","C","T","C","C","C","C","C","C","T","T","T","C","C","T","C","C","C","C","C","C","C","C","C","T","C","C","C","C","T","T","T","C","Y","C","C","C","C","C","T","C","C","C","T","T","C","C","C","C","C","C","C","T","C","C","C","C","T","C","C","C","C","T","C","T","C","T","T","C","C","C","T","C","C","C","T","C","C","T","C","T","T","C","C","Y","C","C","C","C","C","C","C"
"S2B_97794355","A/G","2B","97794355","+",NA,NA,NA,NA,NA,NA,"G","N","A","A","A","A","A","A","G","A","A","G","A","G","G","G","A","G","A","A","A","A","A","A","G","R","A","A","A","A","A","A","A","A","G","A","G","A","A","A","A","R","A","G","G","G","A","A","A","A","A","A","A","A","G","A","A","G","A","A","A","G","G","A","A","A","G","A","G","A","A","G","A","A","G","G","A","A","A","A","A","G","A","A","R","A","G","A","A","A","A","A","A","A","A","A","A","A","G","A","A","A","A","A","G","A","A","A","A","G","G","A","A","A","A","A","A","G","A","A","A","A","A","A","G","G","G","A","A","A","A","G","A","A","A","A","A","A","G","A","A","G","G","A","G","A","A","A","G","A","A","A","A","A","G","A","A","G","G","A","A","A","A","G","A","G","A","A","A","A","A","A","R","A","A","A","A","A","A","A","A","A","A","G","A","A","A","A","A","A","A","A","A","A","A","G","A","A","A","A","A","G","A","A","A","G","A","A","A","A","A","A","A","A","A","A","G","A","A","A","A","A","A","A","A","G","R","G","A","G","A","A","G","R"
"S2B_98371953","C/T","2B","98371953","+",NA,NA,NA,NA,NA,NA,"T","C","C","C","C","C","C","C","C","C","C","T","C","T","T","T","C","T","C","C","C","C","C","C","T","C","C","C","C","C","C","C","C","C","T","C","T","C","C","C","C","Y","C","T","C","T","C","C","C","C","C","C","C","C","T","C","C","T","C","C","C","T","T","C","C","C","T","C","T","C","C","T","C","C","T","Y","C","C","C","C","C","T","C","C","C","C","T","C","C","C","C","C","C","C","C","C","C","C","C","C","C","C","C","C","T","C","C","C","C","T","T","C","C","C","C","C","C","C","C","C","C","C","C","C","T","T","C","C","C","C","C","T","C","Y","C","C","C","C","T","C","C","T","T","C","T","C","C","C","T","C","C","C","C","C","T","C","C","T","T","C","C","C","C","T","C","T","C","C","C","C","C","C","Y","C","Y","C","C","C","C","C","C","C","C","T","C","C","C","C","C","C","C","C","C","C","C","T","C","C","C","C","C","Y","C","C","C","T","C","C","C","C","C","C","C","C","C","C","T","C","C","C","C","C","C","C","C","T","Y","Y","C","T","C","C","T","C"
"S2B_98371995","A/C","2B","98371995","+",NA,NA,NA,NA,NA,NA,"C","A","A","A","A","A","A","A","A","A","A","C","A","C","C","C","A","C","A","A","A","A","A","A","C","A","A","A","A","A","A","A","A","A","C","A","C","A","A","A","A","M","A","C","A","C","A","A","A","A","A","A","A","A","C","A","A","C","A","A","A","C","C","A","A","A","C","A","C","A","A","C","A","A","C","M","A","A","A","A","A","C","A","A","A","A","C","A","A","A","A","A","A","A","A","A","A","A","A","A","A","A","A","A","C","A","A","A","A","C","C","A","A","A","A","A","A","A","A","A","A","A","A","A","C","C","A","A","A","A","A","C","A","M","A","A","A","A","C","A","A","C","C","A","C","A","A","A","C","A","A","A","A","A","C","A","A","C","C","A","A","A","A","C","A","C","A","A","A","A","A","A","M","A","M","A","A","A","A","A","A","A","A","C","A","A","A","A","A","A","A","A","A","A","A","C","A","A","A","A","A","M","A","A","A","C","A","A","A","A","A","A","A","A","A","A","C","A","A","A","A","A","A","A","A","C","M","M","A","C","A","A","C","A"
"S2B_781222236","T/C","2B","781222236","+",NA,NA,NA,NA,NA,NA,"C","C","T","C","T","C","T","T","C","T","T","T","T","T","T","T","T","T","C","T","T","C","T","T","T","C","T","T","C","T","C","T","T","T","T","C","T","T","T","T","T","C","T","T","T","T","T","T","T","T","T","T","T","T","T","Y","T","T","T","T","C","T","T","T","C","C","T","T","T","T","T","T","T","T","T","T","T","C","C","C","T","T","T","T","C","T","T","T","T","T","T","T","C","T","T","T","C","T","T","T","C","T","T","C","T","T","T","T","Y","T","T","T","C","T","C","T","C","T","T","T","C","T","T","T","T","T","T","T","T","C","T","T","T","C","T","T","Y","T","C","T","T","C","T","T","C","T","T","T","T","T","T","T","T","C","T","T","C","T","T","T","T","T","T","T","C","T","C","T","T","T","T","T","C","T","T","Y","T","T","T","T","T","T","T","T","T","C","T","Y","T","T","T","C","T","T","T","T","C","C","T","T","T","T","T","T","Y","T","T","T","C","T","T","T","T","T","T","T","T","T","C","C","C","T","T","C","T","C","T","C","T","T","T","T","T","C"
"S2B_805527600","T/G","2B","805527600","+",NA,NA,NA,NA,NA,NA,"G","T","T","G","T","G","T","G","T","T","T","G","T","T","T","T","T","T","G","T","T","T","K","T","T","G","T","T","T","G","T","T","G","G","T","T","T","T","G","T","G","G","T","T","T","T","T","T","T","T","T","T","T","T","T","K","T","T","T","T","G","T","T","G","G","T","T","G","T","G","G","G","T","T","T","T","T","T","G","G","T","T","T","G","T","T","T","G","G","K","G","T","T","G","T","T","K","G","G","T","G","T","G","G","G","T","T","K","T","G","G","G","G","T","G","G","T","T","T","G","T","G","T","T","T","T","G","T","G","G","T","T","T","G","G","T","K","G","G","G","T","K","T","T","T","T","T","T","T","T","T","T","T","G","G","G","G","G","T","G","T","T","G","G","T","G","G","T","T","T","K","T","G","T","K","K","T","G","T","T","G","T","G","T","G","T","T","G","G","T","T","T","G","T","T","T","T","G","T","T","T","T","T","T","G","T","T","T","G","T","T","T","G","G","T","G","T","T","G","G","T","G","G","G","G","G","G","T","T","T","G","T","G","T"
"S2D_206645004","T/C","2D","206645004","+",NA,NA,NA,NA,NA,NA,"C","C","T","T","T","T","Y","C","C","T","T","T","T","T","T","T","T","T","T","T","T","T","Y","T","T","T","T","T","T","T","T","T","T","C","T","C","T","C","T","T","T","T","T","T","T","T","T","T","T","T","T","T","T","T","T","T","T","T","T","T","T","T","T","T","T","C","T","T","T","T","T","T","T","C","T","T","T","Y","T","T","T","T","T","T","T","T","T","C","T","T","T","T","T","T","T","T","T","T","C","T","T","T","C","T","T","T","T","T","T","T","T","T","T","T","T","C","T","T","C","T","T","T","T","T","T","T","C","T","C","T","T","T","T","C","C","C","T","T","C","T","C","T","T","T","C","C","T","T","T","T","T","T","T","T","T","T","T","C","T","T","T","T","T","T","T","T","T","C","T","T","C","C","T","T","T","T","T","C","T","T","C","C","T","T","T","T","T","T","T","C","T","T","T","T","T","T","C","T","C","T","T","T","T","T","T","T","T","T","T","T","T","T","C","T","T","T","T","T","T","T","T","T","T","T","T","T","C","T","T","T","T","T","T","T"
"S3A_19633305","A/G","3A","19633305","+",NA,NA,NA,NA,NA,NA,"A","A","N","A","G","A","A","A","A","A","A","G","G","A","A","G","G","G","R","A","G","G","A","G","G","A","G","G","A","A","N","G","A","A","G","A","A","G","A","A","A","A","A","G","A","G","G","A","R","G","A","G","G","G","G","A","G","G","G","G","A","G","G","A","G","G","A","A","G","G","A","G","A","A","G","A","G","G","A","G","A","A","G","A","G","G","G","A","A","G","G","G","A","A","G","A","A","A","G","G","A","A","A","A","G","A","G","A","A","A","A","A","A","A","A","A","A","A","R","A","A","G","A","G","A","A","G","G","G","A","G","A","G","A","A","A","R","A","A","A","A","G","A","A","A","G","G","G","G","A","G","A","A","A","A","G","A","G","G","A","G","A","A","A","G","G","G","A","G","G","A","A","G","G","G","A","A","G","A","A","G","G","A","A","A","G","G","A","A","G","A","A","R","G","G","G","A","G","A","A","G","A","A","A","A","A","A","G","G","N","G","A","G","G","A","A","A","A","G","A","G","A","G","A","A","A","G","G","G","A","A","G","G","G"
"S3A_613683508","G/A","3A","613683508","+",NA,NA,NA,NA,NA,NA,"G","G","G","G","G","A","G","G","G","G","G","G","G","G","G","G","G","G","G","G","G","G","A","G","G","G","G","G","G","G","G","G","G","G","G","G","G","G","G","G","G","G","G","G","G","G","G","G","A","G","G","G","G","G","G","G","G","G","G","A","G","G","G","A","G","G","G","R","G","G","G","G","A","G","G","G","G","G","G","G","A","G","G","G","G","G","G","G","G","G","G","G","G","R","G","A","G","G","G","G","G","G","G","G","G","G","G","G","G","G","G","G","G","G","G","A","G","G","G","G","G","G","G","G","G","A","G","G","G","G","G","G","G","G","G","G","G","G","A","G","G","G","G","G","G","G","G","G","G","G","G","G","G","A","G","G","G","G","G","G","G","G","A","G","G","G","G","A","G","G","A","G","G","G","G","G","G","G","G","G","A","A","G","G","G","G","G","G","G","G","G","G","G","G","G","G","G","G","A","G","G","G","A","G","G","A","G","G","G","G","G","G","G","G","G","G","G","A","G","G","G","G","G","G","G","G","G","G","G","A","A","G","G","G"
"S3A_638758053","C/T","3A","638758053","+",NA,NA,NA,NA,NA,NA,"C","C","C","T","T","C","C","C","C","C","C","T","C","C","C","T","C","C","T","C","C","T","C","C","T","T","C","T","C","C","C","C","C","C","C","C","C","C","T","C","C","C","C","C","Y","T","C","C","C","C","C","C","T","C","C","C","C","T","C","C","T","T","C","C","T","C","C","C","T","C","C","T","C","C","C","C","C","C","T","C","C","C","C","C","T","C","C","C","C","T","C","C","C","Y","C","C","C","T","C","C","C","Y","C","C","T","C","C","C","C","C","C","C","T","C","C","C","C","C","C","C","C","C","C","T","C","C","C","C","C","T","C","C","C","C","C","C","C","C","C","C","C","Y","C","C","C","C","C","C","C","C","C","C","T","C","C","C","C","C","C","C","T","C","T","C","T","C","C","C","T","C","C","C","T","Y","T","C","T","Y","C","C","C","C","C","T","C","C","C","C","C","C","C","T","C","C","T","Y","C","T","C","C","C","C","C","C","C","C","C","Y","C","C","C","C","C","C","C","C","C","C","C","T","C","T","T","C","C","C","C","C","C","C","C","C","C","C"
"S3A_691148254","C/T","3A","691148254","+",NA,NA,NA,NA,NA,NA,"C","T","C","C","C","T","Y","C","C","T","C","T","C","T","C","C","C","C","C","C","C","C","T","C","C","C","C","C","T","T","T","C","T","C","C","T","C","C","C","C","C","C","C","C","T","T","C","C","C","C","T","C","C","C","C","T","T","T","C","C","C","T","T","T","T","T","T","T","C","C","C","T","C","T","T","C","C","C","C","C","C","T","T","T","C","T","C","T","T","C","T","T","T","T","C","T","T","C","C","C","T","C","T","T","C","T","C","C","C","T","T","C","C","C","C","T","T","T","T","C","T","T","C","C","C","C","T","C","C","C","C","C","C","T","C","T","T","C","T","C","T","C","T","T","C","C","C","C","Y","C","C","C","C","C","T","T","C","C","C","T","C","T","T","T","C","T","C","T","C","C","C","T","Y","C","T","C","T","C","T","C","C","C","T","T","C","C","C","C","C","T","C","C","T","T","C","C","T","C","C","C","C","T","T","C","T","C","C","C","C","T","C","C","C","T","T","C","T","C","T","T","C","T","T","C","T","T","C","C","C","T","T","C","C","T"
"S3A_701725274","T/G","3A","701725274","+",NA,NA,NA,NA,NA,NA,"K","G","T","T","T","T","T","T","T","G","G","T","T","G","T","T","T","G","T","G","K","T","K","T","T","T","T","T","T","T","T","T","T","T","T","G","T","G","T","G","T","G","T","T","T","T","G","T","T","T","T","T","G","T","T","T","T","G","T","T","T","G","G","T","T","G","G","T","T","T","T","T","G","G","T","T","T","T","T","T","T","T","T","T","G","G","T","K","G","T","G","G","T","T","T","G","T","T","T","G","T","G","G","T","T","T","T","T","T","T","T","T","T","G","T","T","T","G","K","T","T","T","T","T","T","T","G","T","T","G","T","T","T","T","T","G","T","T","G","T","G","T","T","G","G","T","T","T","T","T","T","T","T","G","T","G","T","G","T","T","T","T","G","T","G","T","T","T","T","T","T","T","T","G","T","T","T","G","T","T","T","T","G","G","T","T","T","T","T","G","T","T","T","T","G","T","G","T","T","G","T","K","T","T","T","T","T","G","T","G","T","T","T","K","T","T","G","T","T","T","T","T","G","T","T","T","T","T","T","T","G","T","T","G"
"S3A_726890110","A/G","3A","726890110","+",NA,NA,NA,NA,NA,NA,"G","G","A","A","A","A","R","G","A","A","A","A","A","A","G","A","A","G","A","A","A","A","R","A","G","A","G","A","A","G","A","A","A","A","A","G","A","A","A","A","A","A","A","A","A","A","A","G","A","A","A","A","A","A","G","R","A","G","A","A","A","G","A","G","A","G","G","G","G","G","G","A","A","G","A","A","A","A","G","A","A","G","A","G","G","A","A","G","A","A","A","A","A","G","A","A","A","A","A","G","A","A","A","A","A","G","G","A","A","G","G","A","G","R","A","G","G","A","G","A","G","A","A","A","A","A","A","A","G","A","A","A","A","A","G","G","A","A","A","A","G","A","A","A","A","A","A","A","A","G","A","G","A","A","G","A","A","A","A","G","A","A","G","G","G","G","G","A","A","A","G","A","G","G","G","A","A","A","G","A","A","G","A","G","A","G","A","R","A","A","A","A","R","A","G","A","A","A","G","A","A","R","G","A","R","A","A","G","A","G","A","A","G","G","G","A","G","A","A","A","A","G","A","A","A","A","A","A","A","A","A","A","G","A"
"S3B_587824478","A/G","3B","587824478","+",NA,NA,NA,NA,NA,NA,"A","A","G","G","A","G","G","G","G","G","A","G","A","G","A","A","A","G","A","A","A","A","A","A","A","A","G","A","A","G","A","A","G","A","G","A","A","G","A","A","G","A","A","A","G","G","A","G","A","A","G","G","A","G","G","G","R","A","G","A","A","A","G","A","A","A","G","A","A","A","G","A","A","G","A","A","A","A","A","A","A","G","A","G","G","G","A","G","A","A","G","A","G","A","G","A","A","A","A","G","G","G","G","G","A","A","A","R","G","A","A","A","A","A","G","G","A","A","R","A","A","G","A","A","A","A","G","G","A","A","A","G","A","G","G","A","G","A","G","R","G","A","A","A","A","A","A","G","A","R","A","G","A","A","A","G","A","G","A","G","A","G","G","A","G","G","A","G","A","G","G","A","G","G","A","A","A","A","A","G","A","A","A","G","G","A","A","A","A","A","G","G","A","G","G","A","G","A","G","A","R","R","A","A","R","A","A","A","A","G","A","G","A","A","A","A","G","A","G","G","A","G","A","G","G","A","A","A","A","G","A","G","A","A"
"S3B_754137029","T/C","3B","754137029","+",NA,NA,NA,NA,NA,NA,"T","C","C","T","C","C","Y","T","C","C","T","T","T","C","C","T","T","C","Y","T","T","T","T","T","T","T","T","T","T","T","T","T","T","T","T","T","T","T","T","T","T","T","C","T","C","T","T","T","C","T","Y","T","T","T","C","T","Y","C","C","C","C","T","T","T","C","T","C","T","T","T","T","T","T","T","T","C","T","C","T","T","T","T","T","T","T","T","T","T","T","T","T","C","T","T","C","T","C","T","T","T","C","C","T","T","T","T","T","T","C","T","T","T","T","T","T","T","T","C","T","T","T","T","T","T","T","T","T","T","T","T","T","C","Y","Y","T","T","Y","T","C","T","T","T","T","C","T","T","T","C","T","T","T","T","C","T","T","T","T","T","T","T","C","C","T","T","T","T","T","T","T","C","T","T","T","T","C","T","C","T","T","T","T","Y","T","C","T","T","T","T","C","C","C","C","C","T","T","T","T","T","T","C","C","T","T","T","Y","T","C","C","T","T","T","C","T","T","T","C","C","C","C","T","T","T","T","T","T","C","T","C","C","C","T","T","T","C"
"S4B_593675566","A/G","4B","593675566","+",NA,NA,NA,NA,NA,NA,"R","A","G","A","A","A","A","A","G","A","A","A","A","A","A","A","G","A","A","A","A","G","R","G","G","A","A","A","A","A","A","G","A","A","A","A","A","A","A","A","A","A","G","A","A","A","A","A","A","A","A","G","G","G","G","A","A","A","G","A","R","A","A","A","A","A","A","A","G","A","A","A","A","A","A","A","A","A","A","A","G","A","A","A","A","A","A","A","A","A","A","A","A","A","G","A","A","A","A","A","A","G","G","A","A","A","G","G","A","A","A","A","A","A","A","A","A","R","R","A","A","A","A","A","A","A","A","G","A","A","A","A","A","A","G","G","A","A","A","A","A","R","A","A","A","A","A","G","A","A","A","A","A","A","A","A","A","A","G","A","G","A","A","A","A","A","A","G","A","G","A","A","A","A","R","A","A","A","A","G","A","A","A","A","A","A","A","A","G","A","A","A","A","A","A","A","G","G","A","G","G","A","A","A","A","G","G","R","G","A","A","A","A","A","A","G","A","A","G","A","A","G","G","A","G","A","A","G","A","A","A","A","A","A"
"S5A_34753008","T/G","5A","34753008","+",NA,NA,NA,NA,NA,NA,"T","T","T","T","G","T","T","T","T","T","T","T","T","T","G","T","T","T","T","T","T","T","T","T","T","T","T","T","T","G","G","T","T","G","T","G","T","T","T","T","T","T","T","T","T","T","T","T","G","T","T","T","T","T","T","T","T","T","T","T","T","T","T","T","T","T","T","T","T","T","T","T","T","T","T","G","T","T","T","T","T","T","T","T","T","T","T","T","T","T","G","T","T","T","G","T","T","T","K","T","T","T","T","T","T","T","T","T","T","T","T","T","T","T","T","T","T","T","T","T","T","T","T","T","T","T","T","T","G","T","T","T","T","T","T","T","T","T","T","T","T","T","T","T","G","T","T","T","T","T","T","T","T","T","T","G","T","T","T","T","T","T","T","T","T","G","T","T","T","T","T","T","T","T","T","T","T","G","T","T","T","K","T","T","T","T","G","T","T","T","T","T","T","T","T","T","T","T","T","T","T","T","T","T","T","T","T","T","T","T","G","T","G","T","T","T","T","G","T","T","T","T","T","T","T","T","T","T","T","G","T","T","T","T"
"S5B_704099016","G/A","5B","704099016","+",NA,NA,NA,NA,NA,NA,"A","G","G","A","G","A","A","G","G","G","G","G","G","G","G","G","G","G","G","G","G","G","A","G","G","A","G","G","A","G","G","G","A","G","G","A","G","G","G","G","G","G","G","G","G","A","G","G","A","G","G","G","G","G","G","G","G","G","G","A","G","G","G","G","G","A","A","G","G","G","A","G","G","G","G","G","A","R","G","G","G","G","A","G","G","G","G","G","G","G","G","G","G","G","G","G","G","G","G","G","G","G","G","G","G","G","G","G","G","G","G","G","G","G","G","G","G","A","G","G","G","G","G","G","G","G","G","G","G","G","G","G","G","R","G","G","G","G","G","G","G","G","A","G","G","G","A","G","G","G","G","G","A","G","G","G","G","G","G","G","G","G","G","G","G","G","G","G","G","G","G","G","G","G","G","G","G","G","G","G","G","A","G","A","G","G","G","G","G","A","G","G","G","G","G","G","G","G","G","G","G","G","G","G","G","G","G","G","G","G","G","G","A","G","G","G","G","G","G","G","G","A","G","G","G","G","A","G","G","G","G","G","G","G"
"S5D_134802435","G/T","5D","134802435","+",NA,NA,NA,NA,NA,NA,"T","G","T","G","G","G","G","G","G","G","T","T","G","G","T","T","T","G","G","G","G","T","K","T","T","G","T","G","G","T","G","T","G","T","T","G","T","G","T","G","G","T","G","T","G","T","G","G","G","G","G","G","G","T","G","T","G","T","T","G","K","G","G","T","T","T","G","T","T","G","G","G","T","G","T","T","T","G","G","G","T","T","T","T","T","G","T","G","T","K","G","G","G","T","G","T","G","G","T","G","G","G","T","G","T","G","G","T","G","T","T","G","G","G","G","G","T","G","K","G","G","T","T","T","T","T","G","T","G","T","T","G","T","G","T","T","T","G","G","G","G","G","T","G","G","T","T","T","T","T","T","G","T","T","T","G","T","G","T","T","T","T","G","T","T","G","G","G","T","T","G","G","K","T","T","G","G","T","G","G","G","G","G","G","G","T","G","T","G","T","G","G","G","T","G","K","G","T","G","T","G","G","G","T","K","G","G","K","T","G","T","T","G","K","T","G","K","G","G","T","T","T","G","G","T","G","G","T","G","T","T","T","G","G"
"S5D_547030857","G/A","5D","547030857","+",NA,NA,NA,NA,NA,NA,"A","G","A","A","G","A","G","G","A","G","G","G","G","G","G","A","A","G","A","G","G","G","A","A","A","A","G","G","G","A","A","A","R","A","A","G","G","G","G","G","A","G","G","A","A","A","G","G","G","A","A","G","A","A","G","G","A","G","A","A","A","A","G","G","A","A","A","G","A","G","A","G","G","G","G","G","A","G","A","A","A","G","G","G","G","G","G","G","G","G","A","G","G","G","G","G","G","G","R","G","A","A","G","G","A","G","A","A","G","R","A","G","G","G","G","G","A","A","G","G","G","G","G","G","G","G","G","A","A","G","G","A","A","G","A","G","A","A","G","G","G","G","G","A","G","A","A","R","G","G","A","G","A","G","A","A","G","G","G","G","A","A","A","A","G","G","A","A","G","A","G","G","G","G","G","R","G","G","G","A","A","R","A","A","G","G","A","G","G","A","A","R","R","G","A","G","G","A","A","A","A","G","G","G","G","A","A","G","A","G","A","G","A","G","G","G","G","G","A","A","G","A","A","G","A","G","R","G","A","G","G","A","A","A"
"S6A_13708715","G/C","6A","13708715","+",NA,NA,NA,NA,NA,NA,"G","C","G","G","C","G","G","C","G","G","G","G","G","G","G","G","G","G","G","G","G","C","G","G","G","G","C","G","G","G","G","G","G","G","G","G","G","G","G","G","G","G","G","G","G","G","G","G","C","G","G","G","G","G","G","G","G","G","G","C","S","C","G","G","G","G","G","G","G","C","C","G","G","G","G","G","G","C","G","G","G","G","G","G","G","G","G","C","G","G","G","G","G","G","G","G","G","G","G","G","G","G","G","G","G","G","G","G","G","G","G","G","G","G","G","G","G","G","S","G","G","G","G","G","G","G","G","G","G","G","C","G","G","G","G","G","G","G","G","G","G","G","G","G","C","G","G","G","G","G","G","C","G","G","G","C","G","G","C","G","G","G","G","G","G","G","G","G","G","G","G","G","G","G","G","S","G","G","G","G","G","S","G","G","G","G","S","G","G","G","G","G","C","G","G","G","G","C","C","G","G","G","G","G","G","G","G","G","G","G","G","G","G","G","G","G","G","G","G","G","G","G","G","G","G","G","G","G","G","G","G","G","G","G"
"S6B_172236638","C/T","6B","172236638","+",NA,NA,NA,NA,NA,NA,"T","T","T","C","T","T","C","T","Y","T","C","C","C","C","C","C","C","T","T","C","C","C","T","C","C","T","T","T","C","T","T","C","T","T","C","C","C","C","C","C","T","C","T","C","T","C","C","C","T","C","C","C","T","C","T","C","C","C","C","T","Y","T","C","C","C","T","C","C","C","T","C","C","C","T","C","C","C","C","C","C","C","C","C","C","T","C","C","C","C","T","T","C","C","T","C","C","T","T","C","T","C","C","C","T","C","C","C","C","C","C","C","T","T","T","C","T","C","C","C","T","C","C","T","C","C","C","T","C","C","T","T","C","C","C","C","C","C","C","C","C","T","T","T","T","T","T","C","C","C","C","C","C","C","T","C","T","C","T","C","C","C","C","T","C","T","T","C","T","C","C","T","T","T","T","C","T","C","T","T","T","T","T","T","C","T","C","T","C","T","T","T","T","C","C","T","T","T","C","T","C","C","T","T","C","C","T","T","Y","T","T","C","T","Y","C","C","T","C","T","C","C","C","T","Y","C","T","C","T","C","T","Y","C","C","Y","T"
"S6B_412147528","G/A","6B","412147528","+",NA,NA,NA,NA,NA,NA,"A","A","G","A","G","A","G","G","R","G","G","G","G","G","A","G","G","G","G","G","G","A","G","G","G","A","G","G","A","G","G","G","A","G","G","G","A","G","A","G","R","G","G","G","R","G","G","A","G","G","G","G","A","G","G","G","R","G","G","G","R","G","A","G","G","G","R","G","G","G","A","G","G","G","G","A","G","G","A","G","G","G","G","A","G","G","A","G","G","G","G","G","G","A","A","G","G","G","G","G","A","A","G","R","G","G","G","G","G","G","G","G","G","G","G","G","G","R","G","G","G","G","A","A","G","A","G","G","G","A","G","G","G","A","A","G","G","G","G","G","G","A","G","G","G","R","G","G","G","G","G","G","G","G","G","G","G","G","G","A","A","G","G","G","G","G","A","G","A","G","G","G","G","G","G","R","G","G","G","G","G","G","G","A","G","G","G","G","G","A","G","G","G","G","G","G","G","A","G","G","G","R","G","G","G","G","G","G","G","G","R","G","A","G","G","G","A","G","G","G","G","G","G","A","G","G","G","G","G","G","G","G","G","G"
"S6B_523472016","T/C","6B","523472016","+",NA,NA,NA,NA,NA,NA,"T","T","T","C","T","C","T","T","C","T","T","T","T","T","C","T","T","C","T","T","T","C","T","T","T","C","T","T","C","T","C","T","C","C","T","T","T","T","C","T","T","T","T","T","Y","T","T","C","T","T","T","T","C","T","C","T","T","T","T","T","C","T","T","T","T","T","T","T","T","T","T","T","T","T","T","T","T","T","C","T","T","T","T","C","T","T","T","T","T","Y","T","T","C","T","C","T","Y","T","T","C","C","C","T","T","T","T","T","T","T","T","T","T","T","T","T","T","T","T","T","T","C","T","C","C","T","C","T","T","T","T","C","T","T","C","C","T","Y","T","T","T","T","Y","T","C","T","T","T","T","T","T","T","T","T","T","T","T","T","T","T","C","T","T","C","T","T","T","C","Y","C","T","T","C","C","T","Y","C","C","T","T","T","T","T","T","T","T","T","T","T","C","T","T","T","T","T","C","T","T","C","T","T","T","T","T","T","T","T","T","T","T","T","T","T","T","T","T","C","T","T","T","T","T","T","T","C","T","T","T","T","T","T","T","T","T","T"
"S6B_649190074","G/C","6B","649190074","+",NA,NA,NA,NA,NA,NA,"G","G","G","G","G","G","G","G","G","G","G","G","C","G","G","G","G","C","S","G","G","G","C","G","G","G","C","C","G","C","G","G","G","G","G","G","C","G","G","G","G","C","G","G","G","G","G","C","G","G","G","G","G","G","C","G","G","G","G","G","G","C","C","G","G","G","G","G","G","C","G","G","G","C","G","G","G","S","G","G","C","G","G","C","C","G","G","C","G","S","C","G","G","G","G","G","G","C","G","C","C","G","G","G","G","G","G","G","G","G","G","C","C","C","S","G","G","G","G","C","C","C","G","C","G","C","C","G","G","G","G","G","G","G","G","G","S","G","G","G","G","G","G","C","G","G","G","G","G","G","G","G","G","C","G","C","C","G","G","C","G","G","G","G","C","G","G","G","C","G","G","G","S","C","S","G","G","G","G","G","G","S","G","G","C","G","G","S","G","G","G","S","G","G","C","C","G","G","G","G","G","G","G","G","G","G","G","G","G","G","G","C","G","G","G","G","G","C","G","G","G","G","C","G","G","G","C","G","G","G","G","G","S","G"
"S6B_651770832","A/G","6B","651770832","+",NA,NA,NA,NA,NA,NA,"A","G","A","A","G","A","A","G","G","A","A","A","G","A","A","A","A","G","A","A","A","A","G","A","A","A","G","G","A","G","A","A","A","A","A","A","G","A","A","A","A","G","A","A","A","A","A","G","G","A","A","A","A","A","G","A","A","A","A","G","R","G","G","A","A","A","A","A","A","G","A","A","A","G","A","A","A","A","A","A","G","A","A","G","G","A","A","G","A","A","G","A","A","A","A","A","A","G","A","G","G","A","A","A","A","A","A","A","A","A","A","G","G","A","R","G","A","A","A","G","G","G","A","G","A","G","G","A","A","A","A","A","A","A","A","A","R","A","A","A","A","A","A","G","G","A","A","A","A","A","A","A","A","G","A","G","G","A","A","G","A","A","A","A","G","A","A","G","G","A","G","A","G","G","R","A","A","A","G","A","G","G","G","A","G","A","A","G","A","A","A","R","A","A","G","G","A","A","G","A","A","R","G","A","A","G","G","R","A","A","A","G","A","A","A","A","A","G","A","A","A","A","G","A","A","A","G","A","G","A","A","A","R","A"
"S6B_651828250","C/T","6B","651828250","+",NA,NA,NA,NA,NA,NA,"C","T","C","C","T","C","C","T","T","C","C","C","Y","C","C","C","C","T","C","C","C","C","C","C","C","C","T","T","C","T","C","C","C","C","C","C","T","C","C","C","T","T","C","C","C","C","C","T","T","C","Y","C","C","C","T","C","C","C","C","T","C","T","T","C","C","C","C","C","C","T","C","C","C","T","C","C","C","C","C","C","T","C","C","T","T","C","C","Y","C","Y","T","C","C","C","C","C","C","T","C","T","T","C","C","C","C","C","C","C","C","C","C","T","T","T","Y","T","C","C","C","T","T","T","C","T","C","T","T","C","C","C","C","C","C","C","C","C","Y","C","C","C","C","C","C","T","T","C","C","C","C","C","C","C","C","T","C","T","T","C","C","T","C","C","C","C","T","C","C","T","T","C","T","C","T","T","T","T","C","C","T","C","Y","T","T","C","T","C","C","Y","C","C","C","C","C","C","T","T","C","C","T","C","C","T","T","C","C","T","T","C","C","C","C","T","C","C","C","C","C","T","C","C","C","C","T","C","C","C","T","C","T","C","C","C","T","C"
"S6B_726368246","C/A","6B","726368246","+",NA,NA,NA,NA,NA,NA,"C","C","C","A","C","C","C","C","C","C","C","C","A","C","C","C","C","C","C","C","C","C","C","C","C","A","C","C","C","C","C","C","A","C","C","C","C","C","A","C","C","C","C","C","C","C","C","C","C","C","C","C","C","C","C","C","C","C","C","C","C","C","C","C","C","C","C","C","C","C","C","C","C","C","C","C","C","C","A","C","C","C","C","C","C","C","C","C","C","A","C","C","C","C","C","C","C","A","C","C","C","C","C","A","C","C","C","C","C","C","C","A","C","C","C","C","C","C","C","C","C","C","C","C","C","C","C","C","C","C","C","C","C","C","C","C","C","C","C","C","C","C","C","A","C","C","C","C","C","C","C","C","C","C","C","C","C","C","C","C","C","C","C","C","C","C","A","C","C","C","C","C","C","C","C","C","C","C","C","C","C","C","C","A","C","C","C","C","C","C","C","C","C","C","C","C","C","C","C","C","C","C","C","C","C","C","C","C","C","C","C","C","C","C","C","C","C","C","C","C","C","C","C","A","C","A","C","C","C","C","C","C","C","C"
"S7A_29330974","G/A","7A","29330974","+",NA,NA,NA,NA,NA,NA,"G","G","G","G","G","G","G","G","G","G","G","G","G","G","G","G","G","G","G","G","G","G","G","G","G","G","G","G","G","G","G","G","G","A","G","G","G","A","A","G","G","G","G","G","G","G","G","G","A","A","A","G","G","G","G","G","G","G","G","A","G","G","G","A","G","G","R","A","G","G","G","G","G","G","G","G","G","G","G","G","G","G","G","G","G","G","G","G","G","R","G","G","A","R","G","G","G","G","G","G","G","G","G","G","G","G","G","G","G","A","G","G","A","G","G","G","G","G","G","G","G","G","G","G","G","G","G","G","G","G","A","G","G","G","G","G","G","A","G","G","G","G","G","G","G","G","G","G","G","G","G","G","G","G","G","G","A","G","G","G","A","G","G","G","G","G","G","G","G","G","G","A","G","G","G","G","G","G","G","G","G","G","G","G","G","G","G","G","G","G","A","G","G","G","G","G","G","G","G","G","G","G","A","G","G","G","G","G","G","G","G","G","G","G","G","G","G","G","G","G","A","G","G","G","G","G","G","G","G","G","G","G","G","G"
"S7B_692663450","A/G","7B","692663450","+",NA,NA,NA,NA,NA,NA,"A","A","A","A","A","A","A","A","A","A","G","G","A","G","A","G","A","A","R","A","A","A","G","A","G","A","A","A","A","A","A","G","A","A","A","A","G","A","A","G","G","G","G","G","A","G","G","A","A","G","A","A","G","A","G","A","G","G","A","A","G","A","A","G","G","A","A","G","G","A","G","G","G","G","G","G","G","A","G","A","A","G","A","A","A","G","R","A","G","A","A","A","G","G","A","G","A","A","G","G","A","A","A","A","A","A","A","G","A","G","G","G","A","A","A","A","G","A","A","G","G","A","G","G","G","A","A","A","A","A","G","A","G","A","A","A","A","G","A","A","A","G","R","A","A","A","G","A","G","G","A","G","A","A","G","A","A","A","G","A","G","A","A","G","G","G","G","A","G","A","A","A","A","G","G","A","G","A","G","A","G","A","G","A","G","G","G","G","A","A","A","A","G","A","G","G","G","G","G","A","A","G","A","G","A","A","A","G","G","G","A","G","A","R","G","A","A","A","A","G","G","A","G","A","A","G","G","A","A","A","G","A","G","G"
"S7B_724961593","A/G","7B","724961593","+",NA,NA,NA,NA,NA,NA,"A","G","A","G","A","G","R","A","A","R","A","G","A","A","G","G","G","A","G","A","G","A","A","G","G","A","A","R","A","A","A","A","G","A","A","A","G","A","G","G","G","G","A","G","A","G","G","A","A","G","A","A","A","A","A","A","G","G","G","A","A","A","A","A","R","A","A","A","G","A","A","A","A","G","G","G","G","A","A","A","G","G","A","A","A","A","A","A","A","A","A","G","A","A","G","G","A","G","G","A","G","G","A","G","G","A","G","G","G","A","A","G","A","R","G","A","A","R","R","A","A","A","G","A","G","A","A","A","A","G","A","G","G","A","A","A","G","A","G","A","A","G","G","A","G","A","A","A","G","R","G","G","A","G","A","A","G","A","G","A","A","G","A","A","A","A","A","A","A","G","A","A","G","R","A","A","G","A","A","G","G","A","A","A","A","A","A","G","G","A","A","A","G","G","A","G","G","A","A","A","G","G","A","G","G","A","G","G","A","A","A","A","A","G","A","G","G","A","G","A","G","A","A","G","G","A","A","A","G","G","A","G","A","A"
"S7D_13070614","G/A","7D","13070614","+",NA,NA,NA,NA,NA,NA,"G","G","A","A","G","A","G","G","G","G","A","G","A","G","G","G","A","G","G","A","A","A","G","A","G","A","A","A","G","A","A","A","A","A","G","G","A","G","G","A","A","G","A","A","R","G","A","G","G","G","A","A","A","R","G","A","A","G","A","G","G","G","A","G","G","A","A","G","G","A","A","G","G","G","A","G","A","A","G","G","G","G","A","G","A","A","G","G","G","A","A","A","G","G","A","A","G","A","A","G","G","R","G","G","G","G","A","A","A","G","G","A","G","A","G","G","G","A","R","G","G","G","A","A","A","G","G","G","G","G","A","A","A","G","G","A","G","A","G","A","G","G","G","G","A","A","A","G","A","A","A","G","G","G","G","A","A","G","A","G","G","A","A","G","G","G","G","G","A","A","G","G","A","A","G","G","A","A","G","A","G","R","G","A","G","A","A","A","A","G","G","A","A","G","G","A","G","G","G","G","A","G","G","A","G","G","A","R","G","A","A","G","A","R","A","A","A","G","A","R","A","A","G","G","G","G","G","G","A","G","A","A","A","G"
"S7D_13070644","A/C","7D","13070644","+",NA,NA,NA,NA,NA,NA,"A","A","C","C","A","C","A","A","A","A","C","A","C","A","A","A","C","A","A","C","C","C","A","C","A","C","C","C","A","C","C","C","C","C","A","A","C","A","A","C","C","A","C","C","M","A","C","A","A","A","C","C","C","M","A","C","C","A","C","A","A","A","C","A","A","C","C","A","A","C","C","A","A","A","C","A","C","C","A","A","A","A","C","A","C","C","A","A","A","C","C","C","A","A","C","C","A","C","C","A","A","M","A","A","A","A","C","C","C","A","A","C","A","C","A","A","A","C","M","A","A","A","C","C","C","A","A","A","A","M","C","C","C","A","A","C","A","C","A","C","A","A","A","A","C","C","C","A","C","C","C","A","A","A","A","C","C","A","C","A","A","C","C","A","A","A","A","A","C","C","A","A","C","A","A","A","C","C","A","C","A","M","A","C","A","C","C","C","C","A","A","C","C","A","A","C","A","A","A","A","C","A","A","C","A","A","C","M","A","C","C","A","C","M","C","C","C","A","C","M","C","C","A","A","A","A","A","A","C","A","C","C","C","A"
"S7D_13415400","T/G","7D","13415400","+",NA,NA,NA,NA,NA,NA,"T","T","G","G","T","G","T","T","T","T","G","T","G","K","T","T","G","T","T","G","G","G","K","G","T","G","G","G","T","G","G","T","G","G","T","T","G","T","T","G","T","T","G","G","K","T","G","T","T","T","G","G","G","K","T","G","G","T","G","T","T","T","G","T","T","G","G","T","T","G","G","T","T","T","G","T","G","G","T","T","T","T","G","T","G","G","T","T","T","G","G","G","T","T","G","G","T","G","G","T","T","K","T","T","T","T","G","G","G","T","T","G","T","G","T","T","K","G","T","T","T","T","G","G","G","T","T","T","T","G","G","G","G","T","T","K","T","G","T","G","T","T","T","T","G","G","G","T","G","G","G","T","T","T","T","G","G","T","G","T","T","T","G","T","T","T","T","T","G","G","T","T","G","T","T","T","G","G","T","G","T","K","T","G","T","G","G","G","G","T","T","G","G","T","T","G","T","T","T","T","G","T","T","G","T","T","G","K","T","G","G","T","G","K","G","G","G","T","G","T","G","G","T","T","T","T","T","K","G","T","G","G","G","T"
